{
    "Border": {
        "enabled": false,
        "settings": {
            "BorderColor": [0.0, 0.0, 0.0],
            "DepthThreshold": 0.0,
            "Scale": [0.0, 0.0, 0.0, 0.0]
        }
    },
    "COD Bloom": {
        "enabled": true,
        "settings": {
            "BlendFactor": 0.009999999776482582,
            "MipBlendFactor": [1.0, 1.0, 1.0, 1.0, 1.0, 1.0, 1.0, 0.0],
            "Threshold": -3.0,
            "UpsampleRadius": 5.0
        }
    },
    "Camera": {
        "enabled": false,
        "settings": {
            "CAStrength": 0.03999999910593033,
            "FECrop": 0.0,
            "FEFoV": 90.0,
            "NoiseStrength": 0.07999999821186066,
            "NoiseType": 0,
            "UseFE": false
        }
    },
    "Color Grading and Tone Mapping": {
        "enabled": true,
        "settings": {
            "cdlOffset": [0.0, 0.0, 0.0, 0.0],
            "contrast": [1.0, 1.0, 1.0, 0.0],
            "currentTonemapper": "ACES",
            "enableTonemap": true,
            "exposureTemperatureTint": [1.0, 65.0, 0.0, 0.0],
            "gain": [1.0, 1.0, 1.0, 1.0],
            "gameCinematicBlend": [0.0, 0.0, 0.0],
            "gameFadeBlend": 1.0,
            "gameTintBlend": 0.0,
            "gamma": [0.0, 0.0, 0.0, 0.0],
            "highlightsGain": [1.0, 1.0, 1.0, 0.0],
            "highlightsOffset": [0.0, 0.0, 0.0, 0.0],
            "inOutGamma": [1.0, 1.0, 1.0, 1.0],
            "invertLog": true,
            "lift": [0.0, 0.0, 0.0, 0.0],
            "logType": 0,
            "midtonesGain": [1.0, 1.0, 1.0, 0.0],
            "midtonesOffset": [0.0, 0.0, 0.0, 0.0],
            "oklchColorMixer": [
                [0.0, 1.0, 0.0, 0.0],
                [0.0, 1.0, 0.0, 0.0],
                [0.0, 1.0, 0.0, 0.0],
                [0.0, 1.0, 0.0, 0.0],
                [0.0, 1.0, 0.0, 0.0],
                [0.0, 1.0, 0.0, 0.0],
                [0.0, 1.0, 0.0, 0.0]
            ],
            "oklchSaturation": [1.0, 1.0, 0.0, 0.0],
            "pivot": [0.18000000715255737, 0.18000000715255737, 0.18000000715255737, 0.0],
            "power": [1.0, 1.0, 1.0, 0.0],
            "processColorSpace": 5,
            "shadowsGain": [1.0, 1.0, 1.0, 0.0],
            "shadowsHighlightsRange": [0.0, 0.30000001192092896, 0.550000011920929, 1.0],
            "shadowsOffset": [0.0, 0.0, 0.0, 0.0],
            "skipLDR": false,
            "skipLUT": false,
            "slope": [1.0, 1.0, 1.0, 0.0],
            "tonemapParams": [
                [1.0, 9.999999747378752e-5, 0.0, 0.0],
                [0.0, 0.0, 0.0, 0.0]
            ],
            "useLog": true
        }
    },
    "Composite": {
        "enabled": true,
        "settings": null
    },
    "Depth of Field": {
        "enabled": true,
        "settings": {
            "AutoFocus": true,
            "BlurQuality": 7.0,
            "BokehBusyFactor": 0.5,
            "FNumber": 5.599999904632568,
            "FarPlaneMaxBlur": 1.0,
            "FocalLength": 50.0,
            "FocusCoord": [0.5, 0.5],
            "HighlightBoost": 0.0,
            "HighlightShape": 0,
            "HighlightShapeRotationAngle": 0.0,
            "ManualFocusPlane": 0.4000000059604645,
            "NearFarDistanceCompensation": 1.0,
            "NearPlaneMaxBlur": 0.20000000298023224,
            "PetzvalStrength": 0.0,
            "PostBlurSmoothing": 0.0,
            "TransitionSpeed": 0.5,
            "consoleSelection": true,
            "targetFocus": true,
            "targetFocusFocalLength": 50.0
        }
    },
    "Histogram Auto Exposure": {
        "enabled": true,
        "settings": {
            "AdaptArea": [0.6000000238418579, 0.6000000238418579],
            "AdaptSpeed": 1.5,
            "AdaptationRange": [-5.0, 3.0],
            "ExposureCompensation": 0.0,
            "PurkinjeMaxEV": -4.0,
            "PurkinjeStartEV": -1.5,
            "PurkinjeStrength": 0.0
        }
    },
    "LUT": {
        "enabled": false,
        "settings": {
            "InputMax": [1.0, 1.0, 1.0],
            "InputMin": [0.0, 0.0, 0.0],
            "LutPath": ""
        }
    },
    "Lens Flare": {
        "enabled": true,
        "settings": {
            "ApertureBlades": 6,
            "ApertureRotation": 0.0,
            "FFTResolution": 512,
            "FStop": 14.300000190734863,
            "GLocalMask": true,
            "GhostChromaShift": 0.014999999664723873,
            "GhostModeInt": 1,
            "GhostStrength": 0.30000001192092896,
            "Ghosts": [
                {
                    "Color": [1.0, 0.800000011920929, 0.4000000059604645, 1.0],
                    "Enabled": true,
                    "KernelScale": 1.0,
                    "Scale": -1.5
                },
                {
                    "Color": [1.0, 1.0, 0.6000000238418579, 1.0],
                    "Enabled": true,
                    "KernelScale": 1.0,
                    "Scale": 2.5
                },
                {
                    "Color": [0.800000011920929, 0.800000011920929, 1.0, 1.0],
                    "Enabled": true,
                    "KernelScale": 1.0,
                    "Scale": -5.0
                },
                {
                    "Color": [0.5, 1.0, 0.4000000059604645, 1.0],
                    "Enabled": true,
                    "KernelScale": 1.0,
                    "Scale": 10.0
                },
                {
                    "Color": [0.5, 0.800000011920929, 1.0, 1.0],
                    "Enabled": true,
                    "KernelScale": 1.0,
                    "Scale": 0.699999988079071
                },
                {
                    "Color": [0.8999999761581421, 1.0, 0.800000011920929, 1.0],
                    "Enabled": true,
                    "KernelScale": 1.0,
                    "Scale": -0.4000000059604645
                },
                {
                    "Color": [1.0, 0.800000011920929, 0.4000000059604645, 1.0],
                    "Enabled": true,
                    "KernelScale": 1.0,
                    "Scale": -0.20000000298023224
                },
                {
                    "Color": [0.8999999761581421, 0.699999988079071, 0.699999988079071, 1.0],
                    "Enabled": true,
                    "KernelScale": 1.0,
                    "Scale": -0.10000000149011612
                }
            ],
            "HaloChromaShift": 0.014999999664723873,
            "HaloCompression": 0.6499999761581421,
            "HaloRadius": 0.5,
            "HaloStrength": 0.20000000298023224,
            "HaloWidth": 0.5,
            "Intensity": 0.25,
            "KernelScale": 0.10000000149011612,
            "ThresholdEV": -6.0,
            "ThresholdRange": 1.0,
            "Tint": [1.0, 0.8500000238418579, 0.699999988079071]
        }
    },
    "Local Exposure": {
        "enabled": true,
        "settings": {
            "BoostLocalContrast": false,
            "DisplayMip": 2,
            "Exposure": 0.699999988079071,
            "ExposurePreferenceSigma": 5.0,
            "Highlights": 3.5,
            "Mip": 6,
            "Shadows": 1.5
        }
    },
    "Motion Blur": {
        "enabled": false,
        "settings": {
            "SampleCount": 8,
            "ScalePreset": 4,
            "VelocityScale": 300.0
        }
    },
    "Physical Glare": {
        "enabled": false,
        "settings": {
            "AdaptSpeed": 3.0,
            "ApertureBlades": 6,
            "ApertureMode": 0,
            "ApertureRotation": 0.0,
            "BladeRoughnessAmp": 0.30000001192092896,
            "BladeRoughnessFreq": 20,
            "ChromaticSpread": 1.0,
            "DustCount": 295,
            "DustSize": 2.4000000953674316,
            "EnableEyelashes": true,
            "EyelashCount": 40,
            "EyelashCurvature": 0.30000001192092896,
            "EyelashLength": 0.4000000059604645,
            "FFTResolution": 1024,
            "FStop": 2.799999952316284,